tI,cI,tP,cP,m_from2points,m_fromlm
148.0,6.412509,197.0,204.44258,0.030684559,0.03578598834436023
